-- Mock Data Dump generated on 2026-02-14 21:30:19.178663
BEGIN TRANSACTION;

-- Table: recipes
CREATE TABLE IF NOT EXISTS recipes (id TEXT PRIMARY KEY, title TEXT, image TEXT, readyInMinutes INTEGER, servings INTEGER, sourceUrl TEXT, nutrition TEXT, cuisines TEXT, diets TEXT, instructions TEXT);
INSERT OR REPLACE INTO recipes (id, title, image, readyInMinutes, servings, sourceUrl, nutrition, cuisines, diets, instructions) VALUES ('2613', 'Magpie''s Easy Falafel Cakes', NULL, '60', '3', 'AllRecipes', '{"calories": "409.0", "protein": "67.8589", "fat": "62.4829", "carbs": "225.1172"}', '["Middle Eastern", "Egyptian"]', '["lacto-vegetarian"]', '["cook", "smooth", "transfer", "stir", "cover", "chill", "place", "roll", "heat", "heat", "cook"]');
INSERT OR REPLACE INTO recipes (id, title, image, readyInMinutes, servings, sourceUrl, nutrition, cuisines, diets, instructions) VALUES ('2614', 'Dukkah', NULL, '25', '24', 'AllRecipes', '{"calories": "45.0", "protein": "26.18", "fat": "73.1713", "carbs": "83.0609"}', '["Middle Eastern", "Egyptian"]', '["vegan", "pescetarian"]', '["preheat", "place", "pour", "fold", "cover", "remove", "cool", "heat", "stirring", "pop", "transfer", "process", "pour", "place", "process", "stir", "season", "mix"]');
INSERT OR REPLACE INTO recipes (id, title, image, readyInMinutes, servings, sourceUrl, nutrition, cuisines, diets, instructions) VALUES ('2621', 'Fava Beans in Tahini Sauce', NULL, '25', '4', 'AllRecipes', '{"calories": "242.0", "protein": "75.1704", "fat": "55.538", "carbs": "167.6228"}', '["Middle Eastern", "Egyptian"]', '[]', '["heat", "heat", "cook", "stir", "stir", "add", "cook", "season"]');
INSERT OR REPLACE INTO recipes (id, title, image, readyInMinutes, servings, sourceUrl, nutrition, cuisines, diets, instructions) VALUES ('2625', 'Balah el Sham (Egyptian Choux Pastry)', NULL, '66', '40', 'AllRecipes', '{"calories": "183.0", "protein": "25.1462", "fat": "1000.0285", "carbs": "402.8471"}', '["Middle Eastern", "Egyptian"]', '[]', '["combine", "heat", "boil", "stir", "reduce", "heat", "add", "simmer", "remove", "heat", "stir", "cool", "stir", "heat", "boil", "reduce", "heat", "add", "stir", "cook", "transfer", "cool", "flatten", "add", "stir", "mix", "heat", "squeeze", "cook", "transfer", "drain", "soak", "transfer", "cool"]');
INSERT OR REPLACE INTO recipes (id, title, image, readyInMinutes, servings, sourceUrl, nutrition, cuisines, diets, instructions) VALUES ('2631', 'Ta''ameya (Egyptian Falafel)', NULL, '508', '10', 'AllRecipes', '{"calories": "234.0", "protein": "133.2597", "fat": "128.5493", "carbs": "288.0574"}', '["Middle Eastern", "Egyptian"]', '["vegan", "pescetarian"]', '["place", "cover", "soak", "drain", "combine", "process", "heat", "heat", "add", "cook", "stirring", "transfer", "shape", "coat", "heat", "heat", "fry", "drain"]');
INSERT OR REPLACE INTO recipes (id, title, image, readyInMinutes, servings, sourceUrl, nutrition, cuisines, diets, instructions) VALUES ('2633', 'Fried Katayef (Egyptian Dessert)', NULL, '90', '8', 'AllRecipes', '{"calories": "356.0", "protein": "3.1795", "fat": "611.8695", "carbs": "203.9699"}', '["Middle Eastern", "Egyptian"]', '[]', '["stirring", "set", "cool", "set", "stir", "remove", "heat", "heat", "ladle", "fill", "fold", "heat", "heat", "fry", "coat"]');
INSERT OR REPLACE INTO recipes (id, title, image, readyInMinutes, servings, sourceUrl, nutrition, cuisines, diets, instructions) VALUES ('2634', 'The Perfect Egyptian Rice with Vermicelli', NULL, '36', '3', 'AllRecipes', '{"calories": "330.0", "protein": "4.4733", "fat": "20.805", "carbs": "31.8679"}', '["Middle Eastern", "Egyptian"]', '[]', '["heat", "heat", "add", "cook", "stirring", "remove", "heat", "pour", "stir", "reduce", "heat", "cook", "stirring", "boil", "stir", "cover", "cook", "heat"]');
INSERT OR REPLACE INTO recipes (id, title, image, readyInMinutes, servings, sourceUrl, nutrition, cuisines, diets, instructions) VALUES ('2642', 'African Curry', NULL, '60', '4', 'AllRecipes', '{"calories": "600.0", "protein": "14.2093", "fat": "100.5834", "carbs": "53.2087"}', '["Rest Africa", "Nigerian"]', '[]', '["heat", "heat", "stir", "mix", "mix", "cook", "reduce", "stirring", "mix"]');
INSERT OR REPLACE INTO recipes (id, title, image, readyInMinutes, servings, sourceUrl, nutrition, cuisines, diets, instructions) VALUES ('2643', 'African Chicken Stew', NULL, '45', '6', 'AllRecipes', '{"calories": "615.0", "protein": "141.8314", "fat": "102.749", "carbs": "209.4808"}', '["Rest Africa", "Nigerian"]', '[]', '["heat", "heat", "add", "remove", "reduce", "heat", "add", "season", "mix", "place", "simmer", "stirring", "remove", "stir", "replace", "simmer", "remove", "heat", "seasoning", "serve"]');
INSERT OR REPLACE INTO recipes (id, title, image, readyInMinutes, servings, sourceUrl, nutrition, cuisines, diets, instructions) VALUES ('2652', 'Liberian Style Collard Greens', NULL, '145', '6', 'AllRecipes', '{"calories": "318.0", "protein": "44.0954", "fat": "187.256", "carbs": "18.882"}', '["Rest Africa", "Nigerian"]', '[]', '["place", "cook", "heat", "drain", "crumble", "heat", "heat", "simmer", "stir", "cover", "simmer", "separate", "add", "dry", "stir", "cook", "stirring"]');
INSERT OR REPLACE INTO recipes (id, title, image, readyInMinutes, servings, sourceUrl, nutrition, cuisines, diets, instructions) VALUES ('2659', 'Moroccan Shabbat Fish', NULL, '80', '6', 'AllRecipes', '{"calories": "278.0", "protein": "547.0434", "fat": "71.1227", "carbs": "35.3808"}', '["Northern Africa", "Moroccan"]', '[]', '["preheat", "arrange", "combine", "mix", "sprinkle", "cover", "bake"]');
INSERT OR REPLACE INTO recipes (id, title, image, readyInMinutes, servings, sourceUrl, nutrition, cuisines, diets, instructions) VALUES ('2661', 'Moroccan Chicken Tagine with Preserved Lemons, Fennel, Olives, and Harissa', NULL, '84', '4', 'AllRecipes', '{"calories": "521.0", "protein": "249.3429", "fat": "904.8643", "carbs": "226.1946"}', '["Northern Africa", "Moroccan"]', '[]', '["mix", "pat", "dry", "place", "sprinkle", "heat", "heat", "add", "cook", "transfer", "cook", "stir", "stir", "sprinkle", "scatter", "cover", "simmer", "combine", "blend", "transfer", "stir", "simmer", "garnish"]');
INSERT OR REPLACE INTO recipes (id, title, image, readyInMinutes, servings, sourceUrl, nutrition, cuisines, diets, instructions) VALUES ('2666', 'Moroccan Tagine with Olives and Artichoke Hearts', NULL, '60', '6', 'AllRecipes', '{"calories": "229.0", "protein": "74.62", "fat": "38.1243", "carbs": "270.9151"}', '["Northern Africa", "Moroccan"]', '[]', '["heat", "heat", "cook", "stir", "stir", "boil", "simmer"]');
INSERT OR REPLACE INTO recipes (id, title, image, readyInMinutes, servings, sourceUrl, nutrition, cuisines, diets, instructions) VALUES ('2668', 'B''stilla', NULL, '90', '4', 'AllRecipes', '{"calories": "908.0", "protein": "29.7517", "fat": "43.125", "carbs": "25.6734"}', '["Northern Africa", "Moroccan"]', '[]', '["preheat", "place", "cover", "poach", "heat", "cook", "dice", "whisk", "mix", "cut", "roll", "spread", "sprinkle", "cover", "cover", "sprinkle", "cover", "square", "fold", "brush", "bake", "serve"]');
INSERT OR REPLACE INTO recipes (id, title, image, readyInMinutes, servings, sourceUrl, nutrition, cuisines, diets, instructions) VALUES ('2670', 'Moroccan Chicken', NULL, '45', '4', 'AllRecipes', '{"calories": "286.0", "protein": "144.42", "fat": "54.4294", "carbs": "188.2295"}', '["Northern Africa", "Moroccan"]', '[]', '["season", "remove", "set", "saute", "stir", "stir", "mix", "simmer", "add", "cover", "cook", "stir", "serve"]');
INSERT OR REPLACE INTO recipes (id, title, image, readyInMinutes, servings, sourceUrl, nutrition, cuisines, diets, instructions) VALUES ('2672', 'Moroccan Chicken and Whole Grain Couscous', NULL, '60', '6', 'AllRecipes', '{"calories": "399.0", "protein": "82.9588", "fat": "37.7312", "carbs": "249.0967"}', '["Northern Africa", "Moroccan"]', '[]', '["prepare", "heat", "heat", "cook", "mix", "place", "cook", "boil", "reduce", "heat", "simmer", "mix", "season", "serve"]');
INSERT OR REPLACE INTO recipes (id, title, image, readyInMinutes, servings, sourceUrl, nutrition, cuisines, diets, instructions) VALUES ('2680', 'Moroccan Sweet Potato and Raisin Salad', NULL, '65', '4', 'AllRecipes', '{"calories": "218.0", "protein": "16.6022", "fat": "15.0921", "carbs": "131.5459"}', '["Northern Africa", "Moroccan"]', '[]', '["place", "cover", "place", "cover", "boil", "add", "heat", "simmer", "drain", "stir", "simmer", "cool"]');
INSERT OR REPLACE INTO recipes (id, title, image, readyInMinutes, servings, sourceUrl, nutrition, cuisines, diets, instructions) VALUES ('2685', 'Citrons Confits Express (Quick Preserved Lemons)', NULL, '1Day20', '8', 'AllRecipes', '{"calories": "8.0", "protein": "0.115", "fat": "0.0387", "carbs": "1.1741"}', '["Northern Africa", "Moroccan"]', '[]', '["mix", "cook", "stirring", "stand"]');
INSERT OR REPLACE INTO recipes (id, title, image, readyInMinutes, servings, sourceUrl, nutrition, cuisines, diets, instructions) VALUES ('2690', 'Moroccan Potato Bean Soup', NULL, '60', '8', 'AllRecipes', '{"calories": "198.0", "protein": "22.7954", "fat": "47.282", "carbs": "54.935"}', '["Northern Africa", "Moroccan"]', '[]', '["boil", "reduce", "heat", "simmer", "add", "cook", "add", "boil", "add", "stirring", "taste", "garnish"]');
INSERT OR REPLACE INTO recipes (id, title, image, readyInMinutes, servings, sourceUrl, nutrition, cuisines, diets, instructions) VALUES ('2695', 'Moroccan Lamb Kabobs', NULL, '30', '6', 'AllRecipes', '{"calories": "554.0", "protein": "205.237", "fat": "279.2862", "carbs": "154.4954"}', '["Northern Africa", "Moroccan"]', '[]', '["preheat", "mix", "divide", "press", "place", "cook"]');
INSERT OR REPLACE INTO recipes (id, title, image, readyInMinutes, servings, sourceUrl, nutrition, cuisines, diets, instructions) VALUES ('2698', 'Moroccan Meat Cigars', NULL, '0', '4', 'AllRecipes', '{"calories": "460.0", "protein": "53.5208", "fat": "10.9519", "carbs": "5.1488"}', '["Northern Africa", "Moroccan"]', '[]', '["preheat", "grease", "heat", "heat", "cook", "drain", "add", "reduce", "heat", "simmer", "remove", "spray", "place", "place", "fold", "fold", "shape", "arrange", "bake"]');
INSERT OR REPLACE INTO recipes (id, title, image, readyInMinutes, servings, sourceUrl, nutrition, cuisines, diets, instructions) VALUES ('2702', 'Moroccan Peach Roasted Chicken', NULL, '60', '6', 'AllRecipes', '{"calories": "567.0", "protein": "337.0201", "fat": "424.4539", "carbs": "58.7352"}', '["Northern Africa", "Moroccan"]', '[]', '["preheat", "heat", "place", "pour", "stir", "place", "cook", "reduce", "add", "sprinkle", "remove", "pour", "garnish"]');
INSERT OR REPLACE INTO recipes (id, title, image, readyInMinutes, servings, sourceUrl, nutrition, cuisines, diets, instructions) VALUES ('2703', 'Mushroom and Chickpea Tagine', NULL, '63', '4', 'AllRecipes', '{"calories": "292.0", "protein": "75.952", "fat": "56.2835", "carbs": "239.6624"}', '["Northern Africa", "Moroccan"]', '[]', '["toast", "transfer", "heat", "heat", "add", "cover", "cook", "stirring", "add", "cover", "cook", "uncover", "cook", "stirring", "stir", "cover", "simmer", "add", "cook", "stirring", "mix"]');
INSERT OR REPLACE INTO recipes (id, title, image, readyInMinutes, servings, sourceUrl, nutrition, cuisines, diets, instructions) VALUES ('2718', 'African Turkey Stew', NULL, '120', '6', 'AllRecipes', '{"calories": "630.0", "protein": "281.3741", "fat": "312.4779", "carbs": "75.9441"}', '["Rest Africa", "Nigerian"]', '[]', '["place", "pour", "cover", "add", "boil", "heat", "cook", "evaporated", "place", "blend", "heat", "heat", "pour", "reduce", "heat", "simmer", "fry", "stir", "simmer", "blend", "season"]');
INSERT OR REPLACE INTO recipes (id, title, image, readyInMinutes, servings, sourceUrl, nutrition, cuisines, diets, instructions) VALUES ('2720', 'African Cabbage Stew', NULL, '60', '12', 'AllRecipes', '{"calories": "138.0", "protein": "9.4602", "fat": "55.487", "carbs": "48.9424"}', '["Rest Africa", "Nigerian"]', '[]', '["place", "cover", "boil", "reduce", "heat", "simmer", "drain", "heat", "heat", "cook", "stir", "stir", "place", "cook", "mix", "smooth", "pour", "stir", "cook", "add", "season", "stir", "cover", "simmer"]');
INSERT OR REPLACE INTO recipes (id, title, image, readyInMinutes, servings, sourceUrl, nutrition, cuisines, diets, instructions) VALUES ('2726', 'Tomato Bredie', NULL, '150', '6', 'AllRecipes', '{"calories": "531.0", "protein": "326.3191", "fat": "23.9094", "carbs": "70.7574"}', '["Rest Africa", "Nigerian"]', '[]', '["heat", "dredge", "cook", "stir", "cook", "mix", "season", "cover", "heat", "simmer", "stir", "stir", "cook"]');
INSERT OR REPLACE INTO recipes (id, title, image, readyInMinutes, servings, sourceUrl, nutrition, cuisines, diets, instructions) VALUES ('2727', 'Susie''s Mocca Cheesecake', NULL, '630', '8', 'AllRecipes', '{"calories": "440.0", "protein": "48.4854", "fat": "78.8267", "carbs": "81.3572"}', '["Rest Africa", "Nigerian"]', '[]', '["grease", "mix", "press", "refrigerate", "sprinkle", "set", "beat", "beat", "pour", "mix", "whisk", "fold", "add", "transfer", "chill", "set", "combine", "melt", "heat", "stirring", "remove", "cool", "set", "drizzle", "chill", "remove", "transfer"]');
INSERT OR REPLACE INTO recipes (id, title, image, readyInMinutes, servings, sourceUrl, nutrition, cuisines, diets, instructions) VALUES ('2729', 'Zimbabwean Chicken and Vegetable Soup', NULL, '120', '6', 'AllRecipes', '{"calories": "266.0", "protein": "45.622", "fat": "79.6538", "carbs": "120.5977"}', '["Rest Africa", "Nigerian"]', '[]', '["heat", "cook", "stir", "smooth", "beat", "boil", "cook", "simmer", "stirring", "stir", "simmer", "stirring", "stir", "simmer"]');
INSERT OR REPLACE INTO recipes (id, title, image, readyInMinutes, servings, sourceUrl, nutrition, cuisines, diets, instructions) VALUES ('2733', 'Curry Beef Soup', NULL, '0', '6', 'AllRecipes', '{"calories": "343.0", "protein": "68.6181", "fat": "90.1042", "carbs": "192.4377"}', '["Rest Africa", "Nigerian"]', '[]', '["melt", "cook", "add", "cook", "add", "simmer", "remove"]');
INSERT OR REPLACE INTO recipes (id, title, image, readyInMinutes, servings, sourceUrl, nutrition, cuisines, diets, instructions) VALUES ('2740', 'Beef Curry Soup', NULL, '0', '6', 'AllRecipes', '{"calories": "382.0", "protein": "63.5289", "fat": "98.4052", "carbs": "184.8345"}', '["Rest Africa", "Nigerian"]', '[]', '["add", "cook", "add", "simmer", "serve"]');
INSERT OR REPLACE INTO recipes (id, title, image, readyInMinutes, servings, sourceUrl, nutrition, cuisines, diets, instructions) VALUES ('2748', 'South African Instant Milk Tart', NULL, '25', '6', 'AllRecipes', '{"calories": "403.0", "protein": "35.4451", "fat": "40.1018", "carbs": "124.1078"}', '["Rest Africa", "Nigerian"]', '[]', '["stir", "press", "beat", "mix", "heat", "cook", "heat", "remove", "heat", "stir", "sprinkle"]');
INSERT OR REPLACE INTO recipes (id, title, image, readyInMinutes, servings, sourceUrl, nutrition, cuisines, diets, instructions) VALUES ('2752', 'Best Bobotie', NULL, '115', '4', 'AllRecipes', '{"calories": "767.0", "protein": "151.9307", "fat": "127.639", "carbs": "104.9625"}', '["Rest Africa", "Nigerian"]', '[]', '["preheat", "grease", "heat", "heat", "cook", "break", "cook", "place", "soak", "squeeze", "add", "stir", "bake", "whisk", "remove"]');
INSERT OR REPLACE INTO recipes (id, title, image, readyInMinutes, servings, sourceUrl, nutrition, cuisines, diets, instructions) VALUES ('2756', 'Ghorayebah (Butter Biscuits for Eid)', NULL, '45', '30', 'AllRecipes', '{"calories": "110.0", "protein": "3.7636", "fat": "8.1925", "carbs": "43.0894"}', '["Rest Africa", "Nigerian"]', '["lacto-vegetarian"]', '["preheat", "mix", "stir", "add", "place", "press", "bake", "cool", "cool"]');
INSERT OR REPLACE INTO recipes (id, title, image, readyInMinutes, servings, sourceUrl, nutrition, cuisines, diets, instructions) VALUES ('2760', 'Tajin Sibnekh (Tunisian Chicken and Eggs)', NULL, '90', '12', 'AllRecipes', '{"calories": "191.0", "protein": "114.7773", "fat": "150.146", "carbs": "91.0516"}', '["Rest Africa", "Nigerian"]', '[]', '["preheat", "grease", "heat", "heat", "fry", "remove", "drain", "stir", "cook", "add", "stir", "simmer", "stir", "remove", "heat", "set", "beat", "smooth", "stir", "stir", "pour", "bake", "cool", "cut"]');
INSERT OR REPLACE INTO recipes (id, title, image, readyInMinutes, servings, sourceUrl, nutrition, cuisines, diets, instructions) VALUES ('2762', 'Vegetable Tagine', NULL, '75', '6', 'AllRecipes', '{"calories": "282.0", "protein": "119.2058", "fat": "45.2594", "carbs": "345.1682"}', '["Rest Africa", "Nigerian"]', '[]', '["heat", "heat", "cook", "stir", "place", "stir", "season", "boil", "heat", "cover", "simmer", "pour", "season", "stir", "cook"]');
INSERT OR REPLACE INTO recipes (id, title, image, readyInMinutes, servings, sourceUrl, nutrition, cuisines, diets, instructions) VALUES ('2769', 'Tunisian Lamb with Saffron (Keleya Zaara)', NULL, '55', '4', 'AllRecipes', '{"calories": "336.0", "protein": "118.0556", "fat": "221.4436", "carbs": "20.9355"}', '["Rest Africa", "Nigerian"]', '[]', '["heat", "heat", "add", "cook", "season", "stir", "pour", "boil", "cover", "heat", "simmer", "uncover", "stir", "season", "pour", "sprinkle", "garnish", "serve"]');
INSERT OR REPLACE INTO recipes (id, title, image, readyInMinutes, servings, sourceUrl, nutrition, cuisines, diets, instructions) VALUES ('2771', 'Poulet Roti a l''Algerienne (Algerian Roast Chicken)', NULL, '105', '4', 'AllRecipes', '{"calories": "397.0", "protein": "2.9444", "fat": "68.0909", "carbs": "25.8591"}', '["Rest Africa", "Nigerian"]', '[]', '["preheat", "mix", "add", "bake"]');
INSERT OR REPLACE INTO recipes (id, title, image, readyInMinutes, servings, sourceUrl, nutrition, cuisines, diets, instructions) VALUES ('2781', 'Dersa (Algerian Chile Paste)', NULL, '15', '4', 'AllRecipes', '{"calories": "70.0", "protein": "1.69", "fat": "28.0171", "carbs": "7.3831"}', '["Rest Africa", "Nigerian"]', '["vegan", "pescetarian"]', '["place", "pour", "mix"]');
INSERT OR REPLACE INTO recipes (id, title, image, readyInMinutes, servings, sourceUrl, nutrition, cuisines, diets, instructions) VALUES ('2787', 'Namoora (Basboosa)', NULL, '110', '16', 'AllRecipes', '{"calories": "286.0", "protein": "52.0228", "fat": "20.1379", "carbs": "575.8135"}', '["Rest Africa", "Nigerian"]', '[]', '["butter", "spread", "mix", "mix", "smooth", "spread", "pat", "smooth", "cover", "preheat", "bake", "place", "boil", "heat", "stirring", "stir", "boil", "stir", "cool"]');
INSERT OR REPLACE INTO recipes (id, title, image, readyInMinutes, servings, sourceUrl, nutrition, cuisines, diets, instructions) VALUES ('2791', 'Middle Eastern White Beans', NULL, '360', '6', 'AllRecipes', '{"calories": "229.0", "protein": "11.6624", "fat": "29.0619", "carbs": "45.0295"}', '["Rest Africa", "Nigerian"]', '[]', '["mix", "pour", "cover", "cover", "cook"]');
INSERT OR REPLACE INTO recipes (id, title, image, readyInMinutes, servings, sourceUrl, nutrition, cuisines, diets, instructions) VALUES ('2794', 'Harissa Chicken', NULL, '270', '4', 'AllRecipes', '{"calories": "178.0", "protein": "3.0938", "fat": "2.5571", "carbs": "11.3031"}', '["Rest Africa", "Nigerian"]', '[]', '["place", "smear", "place", "cover", "refrigerate", "preheat", "heat", "remove", "marinade", "brush", "sprinkle"]');
INSERT OR REPLACE INTO recipes (id, title, image, readyInMinutes, servings, sourceUrl, nutrition, cuisines, diets, instructions) VALUES ('2800', 'Tunisian Grilled Salad (Selata Mishwiya)', NULL, '40', '4', 'AllRecipes', '{"calories": "320.0", "protein": "15.8319", "fat": "56.1716", "carbs": "79.7817"}', '["Rest Africa", "Nigerian"]', '[]', '["combine", "preheat", "place", "cook", "cool", "peel", "chop", "place", "stir", "garnish", "squeeze"]');
INSERT OR REPLACE INTO recipes (id, title, image, readyInMinutes, servings, sourceUrl, nutrition, cuisines, diets, instructions) VALUES ('2807', 'Ethiopian Cabbage Dish', NULL, '65', '5', 'AllRecipes', '{"calories": "428.0", "protein": "6.9007", "fat": "109.6845", "carbs": "65.6971"}', '["Rest Africa", "Nigerian"]', '["vegan", "pescetarian"]', '["heat", "heat", "cook", "stir", "cook", "add", "cover", "reduce", "heat", "cook"]');
INSERT OR REPLACE INTO recipes (id, title, image, readyInMinutes, servings, sourceUrl, nutrition, cuisines, diets, instructions) VALUES ('2810', 'Qumbe (East African Coconut Candy)', NULL, '45', '12', 'AllRecipes', '{"calories": "280.0", "protein": "8.076", "fat": "82.192", "carbs": "297.6293"}', '["Rest Africa", "Nigerian"]', '["vegan", "pescetarian"]', '["combine", "place", "heat", "cook", "stirring", "heat", "stir", "cool", "pour", "roll", "refrigerate"]');
INSERT OR REPLACE INTO recipes (id, title, image, readyInMinutes, servings, sourceUrl, nutrition, cuisines, diets, instructions) VALUES ('2816', 'Mombasa Pumpkin Dessert', NULL, '0', '12', 'AllRecipes', '{"calories": "210.0", "protein": "5.7112", "fat": "57.35", "carbs": "414.5854"}', '["Rest Africa", "Nigerian"]', '["vegan", "pescetarian"]', '["steam", "scoop", "heat", "add", "stir", "cook"]');
INSERT OR REPLACE INTO recipes (id, title, image, readyInMinutes, servings, sourceUrl, nutrition, cuisines, diets, instructions) VALUES ('2826', 'Doro Wat: Ethiopian Chicken Dish', NULL, '97', '4', 'AllRecipes', '{"calories": "778.0", "protein": "485.3923", "fat": "182.8144", "carbs": "113.9105"}', '["Rest Africa", "Nigerian"]', '[]', '["heat", "heat", "cook", "stir", "add", "stir", "stir", "heat", "cook", "stir", "add", "simmer", "stir", "add", "cook"]');
INSERT OR REPLACE INTO recipes (id, title, image, readyInMinutes, servings, sourceUrl, nutrition, cuisines, diets, instructions) VALUES ('2829', 'Injera', NULL, '1Day20', '14', 'AllRecipes', '{"calories": "166.0", "protein": "42.6759", "fat": "15.3345", "carbs": "271.854"}', '["Rest Africa", "Nigerian"]', '[]', '["dissolve", "add", "stir", "cover", "stir", "mix", "heat", "heat", "cover", "tilt", "cover", "cook", "remove", "remove", "cool", "stack"]');
INSERT OR REPLACE INTO recipes (id, title, image, readyInMinutes, servings, sourceUrl, nutrition, cuisines, diets, instructions) VALUES ('2833', 'Somali Spaghetti Sauce', NULL, '89', '6', 'AllRecipes', '{"calories": "546.0", "protein": "114.5715", "fat": "68.8323", "carbs": "65.8094"}', '["Rest Africa", "Nigerian"]', '[]', '["place", "toast", "heat", "cool", "grind", "transfer", "add", "heat", "heat", "add", "cook", "stir", "stir", "add", "cook", "stir", "add", "cook", "stirring", "stir", "boil", "reduce", "heat", "stir", "simmer", "stirring", "combine", "boil", "cook", "stirring", "drain", "serve"]');
INSERT OR REPLACE INTO recipes (id, title, image, readyInMinutes, servings, sourceUrl, nutrition, cuisines, diets, instructions) VALUES ('2845', 'Ash-e-jow (Iranian_Persian Barley Soup)', NULL, '130', '8', 'AllRecipes', '{"calories": "193.0", "protein": "12.8084", "fat": "51.2087", "carbs": "88.9846"}', '["Middle Eastern", "Rest Middle Eastern"]', '[]', '["heat", "simmer", "heat", "saute", "add", "stir", "stir", "boil", "simmer", "mix", "add", "place", "add", "stir", "serve"]');
INSERT OR REPLACE INTO recipes (id, title, image, readyInMinutes, servings, sourceUrl, nutrition, cuisines, diets, instructions) VALUES ('2846', 'Persian Sabzi Polo (Herb Rice with Fava Beans)', NULL, '75', '16', 'AllRecipes', '{"calories": "234.0", "protein": "78.599", "fat": "45.465", "carbs": "176.3408"}', '["Middle Eastern", "Rest Middle Eastern"]', '[]', '["boil", "rinse", "stir", "boil", "drain", "stir", "mix", "cook", "reduce", "heat", "cover", "simmer", "note"]');

-- Table: flavor_profiles
CREATE TABLE IF NOT EXISTS flavor_profiles (ingredient TEXT PRIMARY KEY, category TEXT, flavor_profile TEXT, functional_groups TEXT, natural_occurrence TEXT);
INSERT OR REPLACE INTO flavor_profiles (ingredient, category, flavor_profile, functional_groups, natural_occurrence) VALUES ('chicken breast', 'protein', '{}', '["sulfur-containing"]', 'True');
INSERT OR REPLACE INTO flavor_profiles (ingredient, category, flavor_profile, functional_groups, natural_occurrence) VALUES ('salmon fillet', 'protein', '{}', '["acid", "terpene", "ketone"]', 'True');
INSERT OR REPLACE INTO flavor_profiles (ingredient, category, flavor_profile, functional_groups, natural_occurrence) VALUES ('beef steak', 'other', '{}', '["terpene", "ester", "acid"]', 'True');
INSERT OR REPLACE INTO flavor_profiles (ingredient, category, flavor_profile, functional_groups, natural_occurrence) VALUES ('tofu', 'other', '{}', '["lactone", "terpene", "sulfur-containing"]', 'True');
INSERT OR REPLACE INTO flavor_profiles (ingredient, category, flavor_profile, functional_groups, natural_occurrence) VALUES ('chickpeas', 'other', '{}', '["ester", "alcohol", "sulfur-containing"]', 'True');
INSERT OR REPLACE INTO flavor_profiles (ingredient, category, flavor_profile, functional_groups, natural_occurrence) VALUES ('brown rice', 'other', '{}', '["aldehyde", "lactone", "ester"]', 'True');
INSERT OR REPLACE INTO flavor_profiles (ingredient, category, flavor_profile, functional_groups, natural_occurrence) VALUES ('quinoa', 'other', '{}', '["phenolic", "ester", "terpene"]', 'True');
INSERT OR REPLACE INTO flavor_profiles (ingredient, category, flavor_profile, functional_groups, natural_occurrence) VALUES ('sweet potato', 'other', '{}', '["aldehyde"]', 'True');
INSERT OR REPLACE INTO flavor_profiles (ingredient, category, flavor_profile, functional_groups, natural_occurrence) VALUES ('spinach', 'vegetable', '{}', '["alcohol", "acid", "sulfur-containing"]', 'True');
INSERT OR REPLACE INTO flavor_profiles (ingredient, category, flavor_profile, functional_groups, natural_occurrence) VALUES ('kale', 'vegetable', '{}', '["ester", "aldehyde"]', 'True');
INSERT OR REPLACE INTO flavor_profiles (ingredient, category, flavor_profile, functional_groups, natural_occurrence) VALUES ('broccoli', 'vegetable', '{}', '["lactone"]', 'True');
INSERT OR REPLACE INTO flavor_profiles (ingredient, category, flavor_profile, functional_groups, natural_occurrence) VALUES ('avocado', 'other', '{}', '["ketone", "phenolic"]', 'True');
INSERT OR REPLACE INTO flavor_profiles (ingredient, category, flavor_profile, functional_groups, natural_occurrence) VALUES ('almonds', 'other', '{}', '["lactone"]', 'True');
INSERT OR REPLACE INTO flavor_profiles (ingredient, category, flavor_profile, functional_groups, natural_occurrence) VALUES ('walnuts', 'other', '{}', '["sulfur-containing"]', 'True');
INSERT OR REPLACE INTO flavor_profiles (ingredient, category, flavor_profile, functional_groups, natural_occurrence) VALUES ('olive oil', 'other', '{}', '["lactone"]', 'True');
INSERT OR REPLACE INTO flavor_profiles (ingredient, category, flavor_profile, functional_groups, natural_occurrence) VALUES ('garlic', 'other', '{}', '["aldehyde", "ester", "sulfur-containing"]', 'True');
INSERT OR REPLACE INTO flavor_profiles (ingredient, category, flavor_profile, functional_groups, natural_occurrence) VALUES ('onion', 'other', '{}', '["terpene"]', 'True');
INSERT OR REPLACE INTO flavor_profiles (ingredient, category, flavor_profile, functional_groups, natural_occurrence) VALUES ('ginger', 'other', '{}', '["phenolic", "acid"]', 'True');
INSERT OR REPLACE INTO flavor_profiles (ingredient, category, flavor_profile, functional_groups, natural_occurrence) VALUES ('lemon', 'other', '{}', '["ketone", "phenolic"]', 'True');
INSERT OR REPLACE INTO flavor_profiles (ingredient, category, flavor_profile, functional_groups, natural_occurrence) VALUES ('basil', 'other', '{}', '["acid", "lactone"]', 'True');
INSERT OR REPLACE INTO flavor_profiles (ingredient, category, flavor_profile, functional_groups, natural_occurrence) VALUES ('tomato', 'other', '{}', '["acid", "terpene", "sulfur-containing"]', 'True');
INSERT OR REPLACE INTO flavor_profiles (ingredient, category, flavor_profile, functional_groups, natural_occurrence) VALUES ('bell pepper', 'other', '{}', '["aldehyde", "alcohol"]', 'True');
INSERT OR REPLACE INTO flavor_profiles (ingredient, category, flavor_profile, functional_groups, natural_occurrence) VALUES ('carrot', 'other', '{}', '["acid"]', 'True');
INSERT OR REPLACE INTO flavor_profiles (ingredient, category, flavor_profile, functional_groups, natural_occurrence) VALUES ('cucumber', 'other', '{}', '["acid", "aldehyde", "phenolic"]', 'True');
INSERT OR REPLACE INTO flavor_profiles (ingredient, category, flavor_profile, functional_groups, natural_occurrence) VALUES ('yogurt', 'other', '{}', '["ketone", "lactone"]', 'True');
INSERT OR REPLACE INTO flavor_profiles (ingredient, category, flavor_profile, functional_groups, natural_occurrence) VALUES ('cheese', 'other', '{}', '["terpene", "phenolic"]', 'True');
INSERT OR REPLACE INTO flavor_profiles (ingredient, category, flavor_profile, functional_groups, natural_occurrence) VALUES ('milk', 'other', '{}', '["alcohol", "acid"]', 'True');
INSERT OR REPLACE INTO flavor_profiles (ingredient, category, flavor_profile, functional_groups, natural_occurrence) VALUES ('egg', 'other', '{}', '["acid"]', 'True');
INSERT OR REPLACE INTO flavor_profiles (ingredient, category, flavor_profile, functional_groups, natural_occurrence) VALUES ('honey', 'other', '{}', '["terpene", "ester", "alcohol"]', 'True');
INSERT OR REPLACE INTO flavor_profiles (ingredient, category, flavor_profile, functional_groups, natural_occurrence) VALUES ('soy sauce', 'other', '{}', '["alcohol"]', 'True');
INSERT OR REPLACE INTO flavor_profiles (ingredient, category, flavor_profile, functional_groups, natural_occurrence) VALUES ('cumin', 'other', '{}', '["phenolic", "acid"]', 'True');
INSERT OR REPLACE INTO flavor_profiles (ingredient, category, flavor_profile, functional_groups, natural_occurrence) VALUES ('turmeric', 'other', '{}', '["ketone", "phenolic", "terpene"]', 'True');
INSERT OR REPLACE INTO flavor_profiles (ingredient, category, flavor_profile, functional_groups, natural_occurrence) VALUES ('black pepper', 'other', '{}', '["sulfur-containing", "ester", "phenolic"]', 'True');
INSERT OR REPLACE INTO flavor_profiles (ingredient, category, flavor_profile, functional_groups, natural_occurrence) VALUES ('cinnamon', 'other', '{}', '["sulfur-containing", "lactone", "acid"]', 'True');
INSERT OR REPLACE INTO flavor_profiles (ingredient, category, flavor_profile, functional_groups, natural_occurrence) VALUES ('vanilla', 'other', '{}', '["sulfur-containing"]', 'True');

-- Table: sustainability
CREATE TABLE IF NOT EXISTS sustainability (food_item TEXT PRIMARY KEY, carbon_footprint_kg REAL, water_usage_l REAL, land_use_m2 REAL);
INSERT OR REPLACE INTO sustainability (food_item, carbon_footprint_kg, water_usage_l, land_use_m2) VALUES ('chicken breast', 6.18, 3090.0, 30.9);
INSERT OR REPLACE INTO sustainability (food_item, carbon_footprint_kg, water_usage_l, land_use_m2) VALUES ('salmon fillet', 6.87, 3435.0, 34.4);
INSERT OR REPLACE INTO sustainability (food_item, carbon_footprint_kg, water_usage_l, land_use_m2) VALUES ('beef steak', 24.38, 12190.0, 121.9);
INSERT OR REPLACE INTO sustainability (food_item, carbon_footprint_kg, water_usage_l, land_use_m2) VALUES ('tofu', 1.68, 840.0, 8.4);
INSERT OR REPLACE INTO sustainability (food_item, carbon_footprint_kg, water_usage_l, land_use_m2) VALUES ('chickpeas', 0.55, 275.0, 2.8);
INSERT OR REPLACE INTO sustainability (food_item, carbon_footprint_kg, water_usage_l, land_use_m2) VALUES ('brown rice', 0.51, 255.0, 2.5);
INSERT OR REPLACE INTO sustainability (food_item, carbon_footprint_kg, water_usage_l, land_use_m2) VALUES ('quinoa', 0.46, 230.0, 2.3);
INSERT OR REPLACE INTO sustainability (food_item, carbon_footprint_kg, water_usage_l, land_use_m2) VALUES ('sweet potato', 0.54, 270.0, 2.7);
INSERT OR REPLACE INTO sustainability (food_item, carbon_footprint_kg, water_usage_l, land_use_m2) VALUES ('spinach', 0.45, 225.0, 2.2);
INSERT OR REPLACE INTO sustainability (food_item, carbon_footprint_kg, water_usage_l, land_use_m2) VALUES ('kale', 0.53, 265.0, 2.7);
INSERT OR REPLACE INTO sustainability (food_item, carbon_footprint_kg, water_usage_l, land_use_m2) VALUES ('broccoli', 0.41, 205.0, 2.0);
INSERT OR REPLACE INTO sustainability (food_item, carbon_footprint_kg, water_usage_l, land_use_m2) VALUES ('avocado', 0.59, 295.0, 2.9);
INSERT OR REPLACE INTO sustainability (food_item, carbon_footprint_kg, water_usage_l, land_use_m2) VALUES ('almonds', 2.2, 1100.0, 11.0);
INSERT OR REPLACE INTO sustainability (food_item, carbon_footprint_kg, water_usage_l, land_use_m2) VALUES ('walnuts', 0.5, 250.0, 2.5);
INSERT OR REPLACE INTO sustainability (food_item, carbon_footprint_kg, water_usage_l, land_use_m2) VALUES ('olive oil', 0.43, 215.0, 2.1);
INSERT OR REPLACE INTO sustainability (food_item, carbon_footprint_kg, water_usage_l, land_use_m2) VALUES ('garlic', 0.52, 260.0, 2.6);
INSERT OR REPLACE INTO sustainability (food_item, carbon_footprint_kg, water_usage_l, land_use_m2) VALUES ('onion', 0.42, 210.0, 2.1);
INSERT OR REPLACE INTO sustainability (food_item, carbon_footprint_kg, water_usage_l, land_use_m2) VALUES ('ginger', 0.44, 220.0, 2.2);
INSERT OR REPLACE INTO sustainability (food_item, carbon_footprint_kg, water_usage_l, land_use_m2) VALUES ('lemon', 0.45, 225.0, 2.2);
INSERT OR REPLACE INTO sustainability (food_item, carbon_footprint_kg, water_usage_l, land_use_m2) VALUES ('basil', 0.52, 260.0, 2.6);
INSERT OR REPLACE INTO sustainability (food_item, carbon_footprint_kg, water_usage_l, land_use_m2) VALUES ('tomato', 0.4, 200.0, 2.0);
INSERT OR REPLACE INTO sustainability (food_item, carbon_footprint_kg, water_usage_l, land_use_m2) VALUES ('bell pepper', 0.43, 215.0, 2.1);
INSERT OR REPLACE INTO sustainability (food_item, carbon_footprint_kg, water_usage_l, land_use_m2) VALUES ('carrot', 0.6, 300.0, 3.0);
INSERT OR REPLACE INTO sustainability (food_item, carbon_footprint_kg, water_usage_l, land_use_m2) VALUES ('cucumber', 0.56, 280.0, 2.8);
INSERT OR REPLACE INTO sustainability (food_item, carbon_footprint_kg, water_usage_l, land_use_m2) VALUES ('yogurt', 2.76, 1380.0, 13.8);
INSERT OR REPLACE INTO sustainability (food_item, carbon_footprint_kg, water_usage_l, land_use_m2) VALUES ('cheese', 12.66, 6330.0, 63.3);
INSERT OR REPLACE INTO sustainability (food_item, carbon_footprint_kg, water_usage_l, land_use_m2) VALUES ('milk', 2.78, 1390.0, 13.9);
INSERT OR REPLACE INTO sustainability (food_item, carbon_footprint_kg, water_usage_l, land_use_m2) VALUES ('egg', 0.54, 270.0, 2.7);
INSERT OR REPLACE INTO sustainability (food_item, carbon_footprint_kg, water_usage_l, land_use_m2) VALUES ('honey', 0.44, 220.0, 2.2);
INSERT OR REPLACE INTO sustainability (food_item, carbon_footprint_kg, water_usage_l, land_use_m2) VALUES ('soy sauce', 0.46, 230.0, 2.3);
INSERT OR REPLACE INTO sustainability (food_item, carbon_footprint_kg, water_usage_l, land_use_m2) VALUES ('cumin', 0.41, 205.0, 2.0);
INSERT OR REPLACE INTO sustainability (food_item, carbon_footprint_kg, water_usage_l, land_use_m2) VALUES ('turmeric', 0.4, 200.0, 2.0);
INSERT OR REPLACE INTO sustainability (food_item, carbon_footprint_kg, water_usage_l, land_use_m2) VALUES ('black pepper', 0.48, 240.0, 2.4);
INSERT OR REPLACE INTO sustainability (food_item, carbon_footprint_kg, water_usage_l, land_use_m2) VALUES ('cinnamon', 0.49, 245.0, 2.5);
INSERT OR REPLACE INTO sustainability (food_item, carbon_footprint_kg, water_usage_l, land_use_m2) VALUES ('vanilla', 0.45, 225.0, 2.2);

-- Table: diseases
CREATE TABLE IF NOT EXISTS diseases (name TEXT PRIMARY KEY, description TEXT, symptoms TEXT, diet_recommendation TEXT);
INSERT OR REPLACE INTO diseases (name, description, symptoms, diet_recommendation) VALUES ('Diabetes Type 2', 'Chronic condition affecting metabolic health.', '[]', '{}');
INSERT OR REPLACE INTO diseases (name, description, symptoms, diet_recommendation) VALUES ('Hypertension', 'Chronic condition affecting metabolic health.', '[]', '{}');
INSERT OR REPLACE INTO diseases (name, description, symptoms, diet_recommendation) VALUES ('Celiac Disease', 'Chronic condition affecting metabolic health.', '[]', '{}');
INSERT OR REPLACE INTO diseases (name, description, symptoms, diet_recommendation) VALUES ('Acid Reflux', 'Chronic condition affecting metabolic health.', '[]', '{}');
INSERT OR REPLACE INTO diseases (name, description, symptoms, diet_recommendation) VALUES ('High Cholesterol', 'Chronic condition affecting metabolic health.', '[]', '{}');
INSERT OR REPLACE INTO diseases (name, description, symptoms, diet_recommendation) VALUES ('Gout', 'Chronic condition affecting metabolic health.', '[]', '{}');
COMMIT;